Rank,CCA3,Country,Capital,Continent,2022 Population,2020 Population,2015 Population,2010 Population,2000 Population,1990 Population,1980 Population,1970 Population,Area (km²),Density (per km²),Growth Rate,World Population Percentage
36,AFG,Afghanistan,Kabul,Asia," 41,128,771 "," 38,972,230 "," 33,753,499 "," 28,189,672 "," 19,542,982 "," 10,694,796 "," 12,486,631 "," 10,752,971 ",652230,63.0587,1.0257,0.52
138,ALB,Albania,Tirana,Europe," 2,842,321 "," 2,866,849 "," 2,882,481 "," 2,913,399 "," 3,182,021 "," 3,295,066 "," 2,941,651 "," 2,324,731 ",28748,98.8702,0.9957,0.04
34,DZA,Algeria,Algiers,Africa," 44,903,225 "," 43,451,666 "," 39,543,154 "," 35,856,344 "," 30,774,621 "," 25,518,074 "," 18,739,378 "," 13,795,915 ",2381741,18.8531,1.0164,0.56
213,ASM,American Samoa,Pago Pago,Oceania," 44,273 "," 46,189 "," 51,368 "," 54,849 "," 58,230 "," 47,818 "," 32,886 "," 27,075 ",199,222.4774,0.9831,0
203,AND,Andorra,Andorra la Vella,Europe," 79,824 "," 77,700 "," 71,746 "," 71,519 "," 66,097 "," 53,569 "," 35,611 "," 19,860 ",468,170.5641,1.01,0
42,AGO,Angola,Luanda,Africa," 35,588,987 "," 33,428,485 "," 28,127,721 "," 23,364,185 "," 16,394,062 "," 11,828,638 "," 8,330,047 "," 6,029,700 ",1246700,28.5466,1.0315,0.45
224,AIA,Anguilla,The Valley,North America," 15,857 "," 15,585 "," 14,525 "," 13,172 "," 11,047 "," 8,316 "," 6,560 "," 6,283 ",91,174.2527,1.0066,0
201,ATG,Antigua and Barbuda,Saint John’s,North America," 93,763 "," 92,664 "," 89,941 "," 85,695 "," 75,055 "," 63,328 "," 64,888 "," 64,516 ",442,212.1335,1.0058,0
33,ARG,Argentina,Buenos Aires,South America," 45,510,318 "," 45,036,032 "," 43,257,065 "," 41,100,123 "," 37,070,774 "," 32,637,657 "," 28,024,803 "," 23,842,803 ",2780400,16.3683,1.0052,0.57
140,ARM,Armenia,Yerevan,Asia," 2,780,469 "," 2,805,608 "," 2,878,595 "," 2,946,293 "," 3,168,523 "," 3,556,539 "," 3,135,123 "," 2,534,377 ",29743,93.4831,0.9962,0.03
198,ABW,Aruba,Oranjestad,North America," 106,445 "," 106,585 "," 104,257 "," 100,341 "," 89,101 "," 65,712 "," 62,267 "," 59,106 ",180,591.3611,0.9991,0
55,AUS,Australia,Canberra,Oceania," 26,177,413 "," 25,670,051 "," 23,820,236 "," 22,019,168 "," 19,017,963 "," 17,048,003 "," 14,706,322 "," 12,595,034 ",7692024,3.4032,1.0099,0.33
99,AUT,Austria,Vienna,Europe," 8,939,617 "," 8,907,777 "," 8,642,421 "," 8,362,829 "," 8,010,428 "," 7,678,729 "," 7,547,561 "," 7,465,301 ",83871,106.5877,1.002,0.11
91,AZE,Azerbaijan,Baku,Asia," 10,358,074 "," 10,284,951 "," 9,863,480 "," 9,237,202 "," 8,190,337 "," 7,427,836 "," 6,383,060 "," 5,425,317 ",86600,119.6082,1.0044,0.13
176,BHS,Bahamas,Nassau,North America," 409,984 "," 406,471 "," 392,697 "," 373,272 "," 325,014 "," 270,679 "," 223,752 "," 179,129 ",13943,29.4043,1.0051,0.01
154,BHR,Bahrain,Manama,Asia," 1,472,233 "," 1,477,469 "," 1,362,142 "," 1,213,645 "," 711,442 "," 517,418 "," 362,595 "," 222,555 ",765,1924.4876,1.0061,0.02
8,BGD,Bangladesh,Dhaka,Asia," 171,186,372 "," 167,420,951 "," 157,830,000 "," 148,391,139 "," 129,193,327 "," 107,147,651 "," 83,929,765 "," 67,541,860 ",147570,1160.035,1.0108,2.15
186,BRB,Barbados,Bridgetown,North America," 281,635 "," 280,693 "," 278,083 "," 274,711 "," 264,657 "," 258,868 "," 253,575 "," 241,397 ",430,654.9651,1.0015,0
96,BLR,Belarus,Minsk,Europe," 9,534,954 "," 9,633,740 "," 9,700,609 "," 9,731,427 "," 10,256,483 "," 10,428,525 "," 9,817,257 "," 9,170,786 ",207600,45.9295,0.9955,0.12
81,BEL,Belgium,Brussels,Europe," 11,655,930 "," 11,561,717 "," 11,248,303 "," 10,877,947 "," 10,264,343 "," 9,959,560 "," 9,828,986 "," 9,629,376 ",30528,381.8111,1.0038,0.15
177,BLZ,Belize,Belmopan,North America," 405,272 "," 394,921 "," 359,871 "," 322,106 "," 240,406 "," 182,589 "," 145,133 "," 120,905 ",22966,17.6466,1.0131,0.01
77,BEN,Benin,Porto-Novo,Africa," 13,352,864 "," 12,643,123 "," 10,932,783 "," 9,445,710 "," 6,998,023 "," 5,133,419 "," 3,833,939 "," 3,023,443 ",112622,118.5635,1.0274,0.17
206,BMU,Bermuda,Hamilton,North America," 64,184 "," 64,031 "," 63,144 "," 63,447 "," 61,371 "," 57,470 "," 53,565 "," 52,019 ",54,1188.5926,1,0
165,BTN,Bhutan,Thimphu,Asia," 782,455 "," 772,506 "," 743,274 "," 705,516 "," 587,207 "," 558,442 "," 415,257 "," 298,894 ",38394,20.3796,1.0064,0.01
80,BOL,Bolivia,Sucre,South America," 12,224,110 "," 11,936,162 "," 11,090,085 "," 10,223,270 "," 8,592,656 "," 7,096,194 "," 5,736,088 "," 4,585,693 ",1098581,11.1272,1.012,0.15
137,BIH,Bosnia and Herzegovina,Sarajevo,Europe," 3,233,526 "," 3,318,407 "," 3,524,324 "," 3,811,088 "," 4,179,350 "," 4,494,310 "," 4,199,820 "," 3,815,561 ",51209,63.1437,0.9886,0.04
144,BWA,Botswana,Gaborone,Africa," 2,630,296 "," 2,546,402 "," 2,305,171 "," 2,091,664 "," 1,726,985 "," 1,341,474 "," 938,578 "," 592,244 ",582000,4.5194,1.0162,0.03
7,BRA,Brazil,Brasilia,South America," 215,313,498 "," 213,196,304 "," 205,188,205 "," 196,353,492 "," 175,873,720 "," 150,706,446 "," 122,288,383 "," 96,369,875 ",8515767,25.2841,1.0046,2.7
221,VGB,British Virgin Islands,Road Town,North America," 31,305 "," 30,910 "," 29,366 "," 27,556 "," 20,104 "," 15,617 "," 11,109 "," 9,581 ",151,207.3179,1.0059,0
175,BRN,Brunei,Bandar Seri Begawan,Asia," 449,002 "," 441,725 "," 421,437 "," 396,053 "," 333,926 "," 261,928 "," 187,921 "," 133,343 ",5765,77.8841,1.0081,0.01
108,BGR,Bulgaria,Sofia,Europe," 6,781,953 "," 6,979,175 "," 7,309,253 "," 7,592,273 "," 8,097,691 "," 8,767,778 "," 8,980,606 "," 8,582,950 ",110879,61.1654,0.9849,0.09
58,BFA,Burkina Faso,Ouagadougou,Africa," 22,673,762 "," 21,522,626 "," 18,718,019 "," 16,116,845 "," 11,882,888 "," 9,131,361 "," 6,932,967 "," 5,611,666 ",272967,83.0641,1.0259,0.28
78,BDI,Burundi,Bujumbura,Africa," 12,889,576 "," 12,220,227 "," 10,727,148 "," 9,126,605 "," 6,307,659 "," 5,483,793 "," 4,312,834 "," 3,497,834 ",27834,463.0874,1.027,0.16
73,KHM,Cambodia,Phnom Penh,Asia," 16,767,842 "," 16,396,860 "," 15,417,523 "," 14,363,532 "," 12,118,841 "," 8,910,808 "," 6,198,959 "," 6,708,525 ",181035,92.6221,1.0108,0.21
53,CMR,Cameroon,Yaounde,Africa," 27,914,536 "," 26,491,087 "," 23,012,646 "," 19,878,036 "," 15,091,594 "," 11,430,520 "," 8,519,891 "," 6,452,787 ",475442,58.7128,1.0263,0.35
39,CAN,Canada,Ottawa,North America," 38,454,327 "," 37,888,705 "," 35,732,126 "," 33,963,412 "," 30,683,313 "," 27,657,204 "," 24,511,510 "," 21,434,577 ",9984670,3.8513,1.0078,0.48
171,CPV,Cape Verde,Praia,Africa," 593,149 "," 582,640 "," 552,166 "," 521,212 "," 458,251 "," 364,563 "," 317,234 "," 287,262 ",4033,147.0739,1.0089,0.01
205,CYM,Cayman Islands,George Town,North America," 68,706 "," 67,311 "," 60,911 "," 54,074 "," 39,658 "," 26,027 "," 17,100 "," 10,533 ",264,260.25,1.0084,0
117,CAF,Central African Republic,Bangui,Africa," 5,579,144 "," 5,343,020 "," 4,819,333 "," 4,660,067 "," 3,759,170 "," 2,809,221 "," 2,415,276 "," 2,067,356 ",622984,8.9555,1.0224,0.07
69,TCD,Chad,N'Djamena,Africa," 17,723,315 "," 16,644,701 "," 14,140,274 "," 11,894,727 "," 8,259,137 "," 5,827,069 "," 4,408,230 "," 3,667,394 ",1284000,13.8032,1.0316,0.22
65,CHL,Chile,Santiago,South America," 19,603,733 "," 19,300,315 "," 17,870,124 "," 17,004,162 "," 15,351,799 "," 13,342,868 "," 11,469,828 "," 9,820,481 ",756102,25.9274,1.0057,0.25
1,CHN,China,Beijing,Asia," 1,425,887,337 "," 1,424,929,781 "," 1,393,715,448 "," 1,348,191,368 "," 1,264,099,069 "," 1,153,704,252 "," 982,372,466 "," 822,534,450 ",9706961,146.8933,1,17.88
28,COL,Colombia,Bogota,South America," 51,874,024 "," 50,930,662 "," 47,119,728 "," 44,816,108 "," 39,215,135 "," 32,601,393 "," 26,176,195 "," 20,905,254 ",1141748,45.4339,1.0069,0.65
163,COM,Comoros,Moroni,Africa," 836,774 "," 806,166 "," 730,216 "," 656,024 "," 536,758 "," 431,119 "," 328,328 "," 242,351 ",1862,449.3953,1.0184,0.01
223,COK,Cook Islands,Avarua,Oceania," 17,011 "," 17,029 "," 17,695 "," 17,212 "," 15,897 "," 17,123 "," 17,651 "," 20,470 ",236,72.0805,1.0005,0
124,CRI,Costa Rica,San José,North America," 5,180,829 "," 5,123,105 "," 4,895,242 "," 4,622,252 "," 3,979,193 "," 3,158,253 "," 2,414,303 "," 1,855,697 ",51100,101.3861,1.0052,0.06
130,HRV,Croatia,Zagreb,Europe," 4,030,358 "," 4,096,868 "," 4,254,815 "," 4,368,682 "," 4,548,434 "," 4,873,707 "," 4,680,144 "," 4,492,638 ",56594,71.2153,0.9927,0.05
85,CUB,Cuba,Havana,North America," 11,212,191 "," 11,300,698 "," 11,339,894 "," 11,290,417 "," 11,105,791 "," 10,626,680 "," 9,809,107 "," 8,869,636 ",109884,102.0366,0.9961,0.14
189,CUW,Curacao,Willemstad,North America," 191,163 "," 189,288 "," 169,572 "," 159,380 "," 141,424 "," 155,446 "," 156,851 "," 150,385 ",444,430.5473,1.0043,0
158,CYP,Cyprus,Nicosia,Europe," 1,251,488 "," 1,237,537 "," 1,187,280 "," 1,129,686 "," 948,237 "," 788,500 "," 679,327 "," 640,804 ",9251,135.2814,1.0059,0.02
88,CZE,Czech Republic,Prague,Europe," 10,493,986 "," 10,530,953 "," 10,523,798 "," 10,464,749 "," 10,234,710 "," 10,301,192 "," 10,270,060 "," 9,795,744 ",78865,133.0627,0.9984,0.13
115,DNK,Denmark,Copenhagen,Europe," 5,882,261 "," 5,825,641 "," 5,677,796 "," 5,550,849 "," 5,340,655 "," 5,144,623 "," 5,125,392 "," 4,922,963 ",43094,136.4984,1.0048,0.07
160,DJI,Djibouti,Djibouti,Africa," 1,120,849 "," 1,090,156 "," 1,006,259 "," 919,199 "," 742,033 "," 577,173 "," 324,121 "," 144,379 ",23200,48.3125,1.0138,0.01
204,DMA,Dominica,Roseau,North America," 72,737 "," 71,995 "," 70,007 "," 68,755 "," 68,346 "," 69,481 "," 72,978 "," 68,895 ",751,96.8535,1.0045,0
84,DOM,Dominican Republic,Santo Domingo,North America," 11,228,821 "," 10,999,664 "," 10,405,832 "," 9,775,755 "," 8,540,791 "," 7,129,004 "," 5,755,800 "," 4,475,871 ",48671,230.7087,1.01,0.14
15,COD,DR Congo,Kinshasa,Africa," 99,010,212 "," 92,853,164 "," 78,656,904 "," 66,391,257 "," 48,616,317 "," 35,987,541 "," 26,708,686 "," 20,151,733 ",2344858,42.2244,1.0325,1.24
67,ECU,Ecuador,Quito,South America," 18,001,000 "," 17,588,595 "," 16,195,902 "," 14,989,585 "," 12,626,507 "," 10,449,837 "," 8,135,845 "," 6,172,215 ",276841,65.0229,1.0114,0.23
14,EGY,Egypt,Cairo,Africa," 110,990,103 "," 107,465,134 "," 97,723,799 "," 87,252,413 "," 71,371,371 "," 57,214,630 "," 43,748,556 "," 34,781,986 ",1002450,110.7188,1.0158,1.39
112,SLV,El Salvador,San Salvador,North America," 6,336,392 "," 6,292,731 "," 6,231,066 "," 6,114,034 "," 5,958,482 "," 5,367,179 "," 4,508,992 "," 3,619,090 ",21041,301.145,1.0035,0.08
152,GNQ,Equatorial Guinea,Malabo,Africa," 1,674,908 "," 1,596,049 "," 1,346,973 "," 1,094,524 "," 684,977 "," 465,549 "," 282,509 "," 316,955 ",28051,59.7094,1.0247,0.02
132,ERI,Eritrea,Asmara,Africa," 3,684,032 "," 3,555,868 "," 3,340,006 "," 3,147,727 "," 2,392,880 "," 2,149,960 "," 1,657,982 "," 1,272,748 ",117600,31.3268,1.0176,0.05
156,EST,Estonia,Tallinn,Europe," 1,326,062 "," 1,329,444 "," 1,314,657 "," 1,331,535 "," 1,396,877 "," 1,570,674 "," 1,476,983 "," 1,361,999 ",45227,29.3201,0.998,0.02
159,SWZ,Eswatini,Mbabane,Africa," 1,201,670 "," 1,180,655 "," 1,133,936 "," 1,099,920 "," 1,030,496 "," 854,011 "," 598,564 "," 442,865 ",17364,69.2047,1.0079,0.02
12,ETH,Ethiopia,Addis Ababa,Africa," 123,379,924 "," 117,190,911 "," 102,471,895 "," 89,237,791 "," 67,031,867 "," 47,878,073 "," 34,945,469 "," 28,308,246 ",1104300,111.7268,1.0257,1.55
231,FLK,Falkland Islands,Stanley,South America," 3,780 "," 3,747 "," 3,408 "," 3,187 "," 3,080 "," 2,332 "," 2,240 "," 2,274 ",12173,0.3105,1.0043,0
209,FRO,Faroe Islands,Tórshavn,Europe," 53,090 "," 52,415 "," 48,816 "," 48,410 "," 45,660 "," 47,479 "," 43,054 "," 38,416 ",1393,38.112,1.0038,0
162,FJI,Fiji,Suva,Oceania," 929,766 "," 920,422 "," 917,200 "," 905,169 "," 832,509 "," 780,430 "," 644,582 "," 527,634 ",18272,50.8847,1.0056,0.01
118,FIN,Finland,Helsinki,Europe," 5,540,745 "," 5,529,468 "," 5,479,461 "," 5,363,271 "," 5,176,209 "," 4,986,545 "," 4,779,418 "," 4,606,621 ",338424,16.3722,1.0009,0.07
23,FRA,France,Paris,Europe," 64,626,628 "," 64,480,053 "," 63,809,769 "," 62,444,567 "," 58,665,453 "," 56,412,897 "," 53,713,830 "," 50,523,586 ",551695,117.1419,1.0015,0.81
184,GUF,French Guiana,Cayenne,South America," 304,557 "," 290,969 "," 257,026 "," 228,453 "," 164,351 "," 113,931 "," 66,825 "," 46,484 ",83534,3.6459,1.0239,0
183,PYF,French Polynesia,Papeete,Oceania," 306,279 "," 301,920 "," 291,787 "," 283,788 "," 250,927 "," 211,089 "," 163,591 "," 117,891 ",4167,73.5011,1.0074,0
146,GAB,Gabon,Libreville,Africa," 2,388,992 "," 2,292,573 "," 2,028,517 "," 1,711,105 "," 1,272,935 "," 983,028 "," 749,078 "," 597,192 ",267668,8.9252,1.0204,0.03
142,GMB,Gambia,Banjul,Africa," 2,705,992 "," 2,573,995 "," 2,253,133 "," 1,937,275 "," 1,437,539 "," 1,040,616 "," 718,586 "," 528,731 ",10689,253.1567,1.025,0.03
131,GEO,Georgia,Tbilisi,Asia," 3,744,385 "," 3,765,912 "," 3,771,132 "," 3,836,831 "," 4,265,172 "," 5,391,636 "," 5,145,843 "," 4,800,426 ",69700,53.7214,0.9964,0.05
19,DEU,Germany,Berlin,Europe," 83,369,843 "," 83,328,988 "," 82,073,226 "," 81,325,090 "," 81,551,677 "," 79,370,196 "," 77,786,703 "," 78,294,583 ",357114,233.4544,0.9995,1.05
47,GHA,Ghana,Accra,Africa," 33,475,870 "," 32,180,401 "," 28,870,939 "," 25,574,719 "," 19,665,502 "," 15,446,982 "," 11,865,246 "," 8,861,895 ",238533,140.3406,1.0196,0.42
219,GIB,Gibraltar,Gibraltar,Europe," 32,649 "," 32,709 "," 32,520 "," 31,262 "," 27,741 "," 27,317 "," 28,734 "," 26,685 ",6,5441.5,0.9994,0
90,GRC,Greece,Athens,Europe," 10,384,971 "," 10,512,232 "," 10,806,641 "," 11,033,783 "," 11,038,109 "," 10,302,255 "," 9,307,148 "," 8,544,873 ",131990,78.68,0.9942,0.13
208,GRL,Greenland,Nuuk,North America," 56,466 "," 56,026 "," 55,895 "," 56,351 "," 56,184 "," 55,599 "," 50,106 "," 45,434 ",2166086,0.0261,1.004,0
193,GRD,Grenada,Saint George's,North America," 125,438 "," 123,663 "," 118,980 "," 114,039 "," 107,432 "," 99,047 "," 94,838 "," 98,794 ",344,364.6453,1.0066,0
178,GLP,Guadeloupe,Basse-Terre,North America," 395,752 "," 395,642 "," 399,089 "," 403,072 "," 424,067 "," 391,951 "," 334,234 "," 318,310 ",1628,243.0909,0.9992,0
191,GUM,Guam,Hagåtña,Oceania," 171,774 "," 169,231 "," 167,978 "," 164,905 "," 160,188 "," 138,263 "," 110,286 "," 88,300 ",549,312.8852,1.0073,0
68,GTM,Guatemala,Guatemala City,North America," 17,843,908 "," 17,362,718 "," 16,001,107 "," 14,543,121 "," 11,735,894 "," 9,084,780 "," 6,987,767 "," 5,453,208 ",108889,163.8725,1.0134,0.22
207,GGY,Guernsey,Saint Peter Port,Europe," 63,301 "," 62,794 "," 61,629 "," 60,782 "," 59,114 "," 57,727 "," 52,860 "," 52,656 ",78,811.5513,1.0037,0
75,GIN,Guinea,Conakry,Africa," 13,859,341 "," 13,205,153 "," 11,625,998 "," 10,270,728 "," 8,336,967 "," 6,354,145 "," 4,972,609 "," 4,222,374 ",245857,56.3716,1.0242,0.17
149,GNB,Guinea-Bissau,Bissau,Africa," 2,105,566 "," 2,015,828 "," 1,788,919 "," 1,567,220 "," 1,230,849 "," 973,551 "," 831,462 "," 591,663 ",36125,58.2856,1.0218,0.03
164,GUY,Guyana,Georgetown,South America," 808,726 "," 797,202 "," 755,031 "," 747,932 "," 759,051 "," 747,116 "," 778,176 "," 705,261 ",214969,3.7621,1.0052,0.01
82,HTI,Haiti,Port-au-Prince,North America," 11,584,996 "," 11,306,801 "," 10,563,757 "," 9,842,880 "," 8,360,225 "," 6,925,331 "," 5,646,676 "," 4,680,812 ",27750,417.4773,1.012,0.15
89,HND,Honduras,Tegucigalpa,North America," 10,432,860 "," 10,121,763 "," 9,294,505 "," 8,450,933 "," 6,656,725 "," 5,053,234 "," 3,777,990 "," 2,782,753 ",112492,92.7431,1.015,0.13
104,HKG,Hong Kong,Hong Kong,Asia," 7,488,865 "," 7,500,958 "," 7,399,838 "," 7,132,438 "," 6,731,195 "," 5,838,574 "," 4,978,544 "," 3,955,072 ",1104,6783.3922,0.9992,0.09
94,HUN,Hungary,Budapest,Europe," 9,967,308 "," 9,750,573 "," 9,844,246 "," 9,986,825 "," 10,202,055 "," 10,375,989 "," 10,698,679 "," 10,315,366 ",93028,107.1431,1.0265,0.12
179,ISL,Iceland,Reykjavík,Europe," 372,899 "," 366,669 "," 331,060 "," 318,333 "," 281,462 "," 255,019 "," 228,263 "," 204,468 ",103000,3.6204,1.0069,0
2,IND,India,New Delhi,Asia," 1,417,173,173 "," 1,396,387,127 "," 1,322,866,505 "," 1,240,613,620 "," 1,059,633,675 "," 870,452,165 "," 696,828,385 "," 557,501,301 ",3287590,431.0675,1.0068,17.77
4,IDN,Indonesia,Jakarta,Asia," 275,501,339 "," 271,857,970 "," 259,091,970 "," 244,016,173 "," 214,072,421 "," 182,159,874 "," 148,177,096 "," 115,228,394 ",1904569,144.6529,1.0064,3.45
17,IRN,Iran,Tehran,Asia," 88,550,570 "," 87,290,193 "," 81,790,841 "," 75,373,855 "," 65,544,383 "," 55,793,629 "," 38,520,664 "," 28,449,705 ",1648195,53.7258,1.0071,1.11
35,IRQ,Iraq,Baghdad,Asia," 44,496,122 "," 42,556,984 "," 37,757,813 "," 31,264,875 "," 24,628,858 "," 17,658,381 "," 13,653,369 "," 9,811,347 ",438317,101.5158,1.0221,0.56
125,IRL,Ireland,Dublin,Europe," 5,023,109 "," 4,946,119 "," 4,665,760 "," 4,524,585 "," 3,768,950 "," 3,485,374 "," 3,391,387 "," 2,937,637 ",70273,71.4799,1.0073,0.06
202,IMN,Isle of Man,Douglas,Europe," 84,519 "," 84,046 "," 83,593 "," 83,828 "," 75,562 "," 68,865 "," 64,022 "," 55,298 ",572,147.7605,1.003,0
98,ISR,Israel,Jerusalem,Asia," 9,038,309 "," 8,757,489 "," 8,007,778 "," 7,328,445 "," 6,116,958 "," 4,803,254 "," 3,744,608 "," 2,907,307 ",20770,435.1617,1.0155,0.11
25,ITA,Italy,Rome,Europe," 59,037,474 "," 59,500,579 "," 60,232,906 "," 59,822,450 "," 56,966,397 "," 56,756,561 "," 56,329,482 "," 53,324,036 ",301336,195.9191,0.9966,0.74
52,CIV,Ivory Coast,Yamoussoukro,Africa," 28,160,542 "," 26,811,790 "," 23,596,741 "," 21,120,042 "," 16,799,670 "," 11,910,540 "," 8,303,809 "," 5,477,086 ",322463,87.3295,1.0248,0.35
139,JAM,Jamaica,Kingston,North America," 2,827,377 "," 2,820,436 "," 2,794,445 "," 2,733,896 "," 2,612,205 "," 2,392,030 "," 2,135,546 "," 1,859,091 ",10991,257.2447,0.9999,0.04
11,JPN,Japan,Tokyo,Asia," 123,951,692 "," 125,244,761 "," 127,250,933 "," 128,105,431 "," 126,803,861 "," 123,686,321 "," 117,624,196 "," 105,416,839 ",377930,327.9753,0.9947,1.55
195,JEY,Jersey,Saint Helier,Europe," 110,778 "," 108,319 "," 100,561 "," 96,151 "," 86,192 "," 82,874 "," 75,124 "," 68,347 ",116,954.9828,1.0106,0
83,JOR,Jordan,Amman,Asia," 11,285,869 "," 10,928,721 "," 9,494,246 "," 6,931,258 "," 5,056,174 "," 3,480,587 "," 2,216,903 "," 1,557,374 ",89342,126.3221,1.0123,0.14
66,KAZ,Kazakhstan,Nursultan,Asia," 19,397,998 "," 18,979,243 "," 17,835,909 "," 16,627,837 "," 15,236,253 "," 16,866,563 "," 14,172,710 "," 12,265,305 ",2724900,7.1188,1.0105,0.24
27,KEN,Kenya,Nairobi,Africa," 54,027,487 "," 51,985,780 "," 46,851,488 "," 41,517,895 "," 30,851,606 "," 23,162,269 "," 16,187,124 "," 11,473,087 ",580367,93.0919,1.0193,0.68
192,KIR,Kiribati,Tarawa,Oceania," 131,232 "," 126,463 "," 116,707 "," 107,995 "," 88,826 "," 75,124 "," 60,813 "," 57,437 ",811,161.815,1.0183,0
129,KWT,Kuwait,Kuwait City,Asia," 4,268,873 "," 4,360,444 "," 3,908,743 "," 2,943,356 "," 1,934,901 "," 1,674,938 "," 1,493,870 "," 802,786 ",17818,239.5821,1.0044,0.05
110,KGZ,Kyrgyzstan,Bishkek,Asia," 6,630,623 "," 6,424,874 "," 5,914,980 "," 5,483,774 "," 4,935,182 "," 4,394,734 "," 3,691,209 "," 3,016,384 ",199951,33.1612,1.0158,0.08
103,LAO,Laos,Vientiane,Asia," 7,529,475 "," 7,319,399 "," 6,787,419 "," 6,323,418 "," 5,430,853 "," 4,314,443 "," 3,297,519 "," 2,675,283 ",236800,31.7968,1.0141,0.09
151,LVA,Latvia,Riga,Europe," 1,850,651 "," 1,897,052 "," 1,991,955 "," 2,101,530 "," 2,392,530 "," 2,689,391 "," 2,572,037 "," 2,397,414 ",64559,28.666,0.9876,0.02
119,LBN,Lebanon,Beirut,Asia," 5,489,739 "," 5,662,923 "," 6,398,940 "," 4,995,800 "," 4,320,642 "," 3,593,700 "," 2,963,702 "," 2,381,791 ",10452,525.2334,0.9816,0.07
147,LSO,Lesotho,Maseru,Africa," 2,305,825 "," 2,254,100 "," 2,118,521 "," 2,022,747 "," 1,998,630 "," 1,798,997 "," 1,407,672 "," 1,023,481 ",30355,75.962,1.0107,0.03
121,LBR,Liberia,Monrovia,Africa," 5,302,681 "," 5,087,584 "," 4,612,329 "," 4,019,956 "," 2,895,224 "," 2,209,731 "," 1,932,169 "," 1,463,563 ",111369,47.6136,1.021,0.07
107,LBY,Libya,Tripoli,Africa," 6,812,341 "," 6,653,942 "," 6,192,235 "," 6,491,988 "," 5,154,790 "," 4,236,983 "," 2,962,720 "," 1,909,177 ",1759540,3.8717,1.0114,0.09
216,LIE,Liechtenstein,Vaduz,Europe," 39,327 "," 38,756 "," 37,355 "," 35,926 "," 33,026 "," 28,765 "," 25,003 "," 21,089 ",160,245.7937,1.0074,0
141,LTU,Lithuania,Vilnius,Europe," 2,750,055 "," 2,820,267 "," 2,963,765 "," 3,139,019 "," 3,599,637 "," 3,785,847 "," 3,521,206 "," 3,210,147 ",65300,42.1142,0.9869,0.03
168,LUX,Luxembourg,Luxembourg,Europe," 647,599 "," 630,399 "," 569,408 "," 507,070 "," 435,628 "," 381,267 "," 363,741 "," 339,342 ",2586,250.425,1.0129,0.01
167,MAC,Macau,Concelho de Macau,Asia," 695,168 "," 676,283 "," 615,239 "," 557,297 "," 431,896 "," 350,227 "," 245,332 "," 247,284 ",30,23172.2667,1.0125,0.01
50,MDG,Madagascar,Antananarivo,Africa," 29,611,714 "," 28,225,177 "," 24,850,912 "," 21,731,053 "," 16,216,431 "," 11,882,762 "," 8,948,162 "," 6,639,751 ",587041,50.4423,1.0241,0.37
62,MWI,Malawi,Lilongwe,Africa," 20,405,317 "," 19,377,061 "," 16,938,942 "," 14,718,422 "," 11,229,387 "," 9,539,665 "," 6,267,369 "," 4,625,141 ",118484,172.22,1.0259,0.26
45,MYS,Malaysia,Kuala Lumpur,Asia," 33,938,221 "," 33,199,993 "," 31,068,833 "," 28,717,731 "," 22,945,150 "," 17,517,054 "," 13,215,707 "," 10,306,508 ",330803,102.5934,1.0109,0.43
174,MDV,Maldives,Malé,Asia," 523,787 "," 514,438 "," 435,582 "," 361,575 "," 282,507 "," 224,957 "," 164,887 "," 123,243 ",300,1745.9567,1.0045,0.01
59,MLI,Mali,Bamako,Africa," 22,593,590 "," 21,224,040 "," 18,112,907 "," 15,529,181 "," 11,239,101 "," 8,945,026 "," 7,372,581 "," 6,153,587 ",1240192,18.2178,1.0314,0.28
173,MLT,Malta,Valletta,Europe," 533,286 "," 515,357 "," 456,579 "," 418,755 "," 399,212 "," 365,392 "," 333,587 "," 315,414 ",316,1687.6139,1.0124,0.01
215,MHL,Marshall Islands,Majuro,Oceania," 41,569 "," 43,413 "," 49,410 "," 53,416 "," 54,224 "," 46,047 "," 31,988 "," 23,969 ",181,229.663,0.9886,0
180,MTQ,Martinique,Fort-de-France,North America," 367,507 "," 370,391 "," 383,515 "," 392,181 "," 432,543 "," 374,271 "," 333,786 "," 326,428 ",1128,325.8041,0.9965,0
126,MRT,Mauritania,Nouakchott,Africa," 4,736,139 "," 4,498,604 "," 3,946,220 "," 3,419,461 "," 2,695,003 "," 2,006,027 "," 1,506,694 "," 1,122,198 ",1030700,4.5951,1.0263,0.06
157,MUS,Mauritius,Port Louis,Africa," 1,299,469 "," 1,297,828 "," 1,293,153 "," 1,283,330 "," 1,215,930 "," 1,090,290 "," 954,865 "," 830,115 ",2040,636.9946,1.0004,0.02
182,MYT,Mayotte,Mamoudzou,Africa," 326,101 "," 305,587 "," 249,545 "," 211,786 "," 159,215 "," 92,659 "," 52,233 "," 35,383 ",374,871.9278,1.0319,0
10,MEX,Mexico,Mexico City,North America," 127,504,125 "," 125,998,302 "," 120,149,897 "," 112,532,401 "," 97,873,442 "," 81,720,428 "," 67,705,186 "," 50,289,306 ",1964375,64.9082,1.0063,1.6
194,FSM,Micronesia,Palikir,Oceania," 114,164 "," 112,106 "," 109,462 "," 107,588 "," 111,709 "," 98,603 "," 76,299 "," 58,989 ",702,162.6268,1.0091,0
135,MDA,Moldova,Chisinau,Europe," 3,272,996 "," 3,084,847 "," 3,277,388 "," 3,678,186 "," 4,251,573 "," 4,480,199 "," 4,103,240 "," 3,711,140 ",33846,96.7026,1.0691,0.04
217,MCO,Monaco,Monaco,Europe," 36,469 "," 36,922 "," 36,760 "," 33,178 "," 32,465 "," 30,329 "," 27,076 "," 24,270 ",2,18234.5,0.9941,0
134,MNG,Mongolia,Ulaanbaatar,Asia," 3,398,366 "," 3,294,335 "," 2,964,749 "," 2,702,520 "," 2,450,979 "," 2,161,433 "," 1,697,780 "," 1,293,880 ",1564110,2.1727,1.0151,0.04
169,MNE,Montenegro,Podgorica,Europe," 627,082 "," 629,048 "," 633,966 "," 631,044 "," 633,324 "," 621,442 "," 589,324 "," 530,268 ",13812,45.4012,0.9988,0.01
230,MSR,Montserrat,Brades,North America," 4,390 "," 4,500 "," 5,059 "," 4,938 "," 5,138 "," 10,805 "," 11,452 "," 11,402 ",102,43.0392,0.9939,0
40,MAR,Morocco,Rabat,Africa," 37,457,971 "," 36,688,772 "," 34,680,458 "," 32,464,865 "," 28,554,415 "," 24,570,814 "," 19,678,444 "," 15,274,351 ",446550,83.883,1.0103,0.47
48,MOZ,Mozambique,Maputo,Africa," 32,969,517 "," 31,178,239 "," 26,843,246 "," 23,073,723 "," 17,768,505 "," 13,303,459 "," 11,413,587 "," 8,411,676 ",801590,41.1302,1.0278,0.41
26,MMR,Myanmar,Nay Pyi Taw,Asia," 54,179,306 "," 53,423,198 "," 51,483,949 "," 49,390,988 "," 45,538,332 "," 40,099,553 "," 33,465,781 "," 27,284,112 ",676578,80.0784,1.0071,0.68
145,NAM,Namibia,Windhoek,Africa," 2,567,012 "," 2,489,098 "," 2,282,704 "," 2,099,271 "," 1,819,141 "," 1,369,011 "," 975,994 "," 754,467 ",825615,3.1092,1.0146,0.03
225,NRU,Nauru,Yaren,Oceania," 12,668 "," 12,315 "," 11,185 "," 10,241 "," 10,377 "," 9,598 "," 7,635 "," 6,663 ",21,603.2381,1.0125,0
49,NPL,Nepal,Kathmandu,Asia," 30,547,580 "," 29,348,627 "," 27,610,325 "," 27,161,567 "," 24,559,500 "," 19,616,530 "," 15,600,442 "," 12,501,285 ",147181,207.5511,1.0171,0.38
71,NLD,Netherlands,Amsterdam,Europe," 17,564,014 "," 17,434,557 "," 17,041,107 "," 16,617,116 "," 15,899,135 "," 14,944,548 "," 14,130,387 "," 13,037,686 ",41850,419.6897,1.0036,0.22
185,NCL,New Caledonia,Nouméa,Oceania," 289,950 "," 286,403 "," 283,032 "," 261,426 "," 221,537 "," 177,264 "," 148,599 "," 110,982 ",18575,15.6097,1.0075,0
123,NZL,New Zealand,Wellington,Oceania," 5,185,288 "," 5,061,133 "," 4,590,590 "," 4,346,338 "," 3,855,266 "," 3,397,389 "," 3,147,168 "," 2,824,061 ",270467,19.1716,1.0108,0.07
106,NIC,Nicaragua,Managua,North America," 6,948,392 "," 6,755,895 "," 6,298,598 "," 5,855,734 "," 5,123,222 "," 4,227,820 "," 3,303,309 "," 2,444,767 ",130373,53.2962,1.0143,0.09
54,NER,Niger,Niamey,Africa," 26,207,977 "," 24,333,639 "," 20,128,124 "," 16,647,543 "," 11,622,665 "," 8,370,647 "," 6,173,177 "," 4,669,708 ",1267000,20.6851,1.0378,0.33
6,NGA,Nigeria,Abuja,Africa," 218,541,212 "," 208,327,405 "," 183,995,785 "," 160,952,853 "," 122,851,984 "," 95,214,257 "," 72,951,439 "," 55,569,264 ",923768,236.5759,1.0241,2.74
232,NIU,Niue,Alofi,Oceania," 1,934 "," 1,942 "," 1,847 "," 1,812 "," 2,074 "," 2,533 "," 3,637 "," 5,185 ",260,7.4385,0.9985,0
56,PRK,North Korea,Pyongyang,Asia," 26,069,416 "," 25,867,467 "," 25,258,015 "," 24,686,435 "," 23,367,059 "," 20,799,523 "," 17,973,650 "," 14,996,879 ",120538,216.2755,1.0038,0.33
150,MKD,North Macedonia,Skopje,Europe," 2,093,599 "," 2,111,072 "," 2,107,962 "," 2,093,828 "," 2,037,936 "," 2,044,174 "," 1,907,023 "," 1,656,783 ",25713,81.4218,0.9954,0.03
210,NFK,Northern Mariana Islands,Saipan,Oceania," 49,551 "," 49,587 "," 51,514 "," 54,087 "," 80,338 "," 48,002 "," 17,613 "," 10,143 ",464,106.7909,1.0014,0
120,NOR,Norway,Oslo,Europe," 5,434,319 "," 5,379,839 "," 5,190,356 "," 4,889,741 "," 4,491,202 "," 4,241,636 "," 4,085,776 "," 3,875,546 ",323802,16.7828,1.0058,0.07
127,OMN,Oman,Muscat,Asia," 4,576,298 "," 4,543,399 "," 4,191,776 "," 2,881,914 "," 2,344,253 "," 1,804,524 "," 1,017,462 "," 670,693 ",309500,14.7861,1.0123,0.06
5,PAK,Pakistan,Islamabad,Asia," 235,824,862 "," 227,196,741 "," 210,969,298 "," 194,454,498 "," 154,369,924 "," 115,414,069 "," 80,624,057 "," 59,290,872 ",881912,267.4018,1.0191,2.96
222,PLW,Palau,Ngerulmud,Oceania," 18,055 "," 17,972 "," 17,794 "," 18,540 "," 19,726 "," 15,293 "," 12,252 "," 11,366 ",459,39.3355,1.0017,0
122,PSE,Palestine,Ramallah,Asia," 5,250,072 "," 5,019,401 "," 4,484,614 "," 3,992,278 "," 3,139,954 "," 2,124,609 "," 1,453,620 "," 1,118,241 ",6220,844.063,1.0227,0.07
128,PAN,Panama,Panama City,North America," 4,408,581 "," 4,294,396 "," 3,957,099 "," 3,623,617 "," 3,001,731 "," 2,449,968 "," 1,956,987 "," 1,516,188 ",75417,58.4561,1.0132,0.06
93,PNG,Papua New Guinea,Port Moresby,Oceania," 10,142,619 "," 9,749,640 "," 8,682,174 "," 7,583,269 "," 5,508,297 "," 3,864,972 "," 3,104,788 "," 2,489,059 ",462840,21.9139,1.0194,0.13
109,PRY,Paraguay,Asunción,South America," 6,780,744 "," 6,618,695 "," 6,177,950 "," 5,768,613 "," 5,123,819 "," 4,059,195 "," 3,078,912 "," 2,408,787 ",406752,16.6705,1.0115,0.09
44,PER,Peru,Lima,South America," 34,049,588 "," 33,304,756 "," 30,711,863 "," 29,229,572 "," 26,654,439 "," 22,109,099 "," 17,492,406 "," 13,562,371 ",1285216,26.4933,1.0099,0.43
13,PHL,Philippines,Manila,Asia," 115,559,009 "," 112,190,977 "," 103,031,365 "," 94,636,700 "," 77,958,223 "," 61,558,898 "," 48,419,546 "," 37,435,586 ",342353,337.5434,1.0147,1.45
37,POL,Poland,Warsaw,Europe," 39,857,145 "," 38,428,366 "," 38,553,146 "," 38,597,353 "," 38,504,431 "," 38,064,255 "," 35,521,429 "," 32,482,943 ",312679,127.4698,1.0404,0.5
92,PRT,Portugal,Lisbon,Europe," 10,270,865 "," 10,298,192 "," 10,365,435 "," 10,588,401 "," 10,300,626 "," 10,007,346 "," 9,785,252 "," 8,683,631 ",92090,111.5307,0.9981,0.13
136,PRI,Puerto Rico,San Juan,North America," 3,252,407 "," 3,271,564 "," 3,497,335 "," 3,717,922 "," 3,827,108 "," 3,543,776 "," 3,214,568 "," 2,737,619 ",8870,366.675,0.9989,0.04
143,QAT,Qatar,Doha,Asia," 2,695,122 "," 2,760,385 "," 2,414,573 "," 1,713,504 "," 645,937 "," 441,675 "," 277,450 "," 118,007 ",11586,232.6189,1.0026,0.03
114,COG,Republic of the Congo,Brazzaville,Africa," 5,970,424 "," 5,702,174 "," 5,064,386 "," 4,437,884 "," 3,134,030 "," 2,385,435 "," 1,829,256 "," 1,396,989 ",342000,17.4574,1.0231,0.07
161,REU,Reunion,Saint-Denis,Africa," 974,052 "," 957,822 "," 922,495 "," 890,130 "," 785,424 "," 658,992 "," 551,674 "," 473,925 ",2511,387.914,1.0082,0.01
64,ROU,Romania,Bucharest,Europe," 19,659,267 "," 19,442,038 "," 19,906,079 "," 20,335,211 "," 21,919,876 "," 22,836,234 "," 22,125,224 "," 19,922,618 ",238391,82.4665,1.0171,0.25
9,RUS,Russia,Moscow,Europe," 144,713,314 "," 145,617,329 "," 144,668,389 "," 143,242,599 "," 146,844,839 "," 148,005,704 "," 138,257,420 "," 130,093,010 ",17098242,8.4636,0.9973,1.81
76,RWA,Rwanda,Kigali,Africa," 13,776,698 "," 13,146,362 "," 11,642,959 "," 10,309,031 "," 8,109,989 "," 7,319,962 "," 5,247,532 "," 3,896,367 ",26338,523.0731,1.0234,0.17
228,BLM,Saint Barthelemy,Gustavia,North America," 10,967 "," 10,681 "," 9,643 "," 8,988 "," 7,082 "," 5,168 "," 2,983 "," 2,417 ",21,522.2381,1.0098,0
211,KNA,Saint Kitts and Nevis,Basseterre,North America," 47,657 "," 47,642 "," 47,790 "," 47,403 "," 45,461 "," 40,636 "," 43,097 "," 44,968 ",261,182.5939,1.0011,0
190,LCA,Saint Lucia,Castries,North America," 179,857 "," 179,237 "," 175,623 "," 170,935 "," 159,500 "," 142,301 "," 121,633 "," 103,090 ",616,291.9756,1.0011,0
220,MAF,Saint Martin,Marigot,North America," 31,791 "," 32,552 "," 35,020 "," 36,458 "," 29,610 "," 28,127 "," 7,776 "," 5,802 ",53,599.8302,0.9951,0
229,SPM,Saint Pierre and Miquelon,Saint-Pierre,North America," 5,862 "," 5,906 "," 5,978 "," 6,052 "," 6,274 "," 6,324 "," 6,106 "," 5,537 ",242,24.2231,0.9964,0
199,VCT,Saint Vincent and the Grenadines,Kingstown,North America," 103,948 "," 104,632 "," 106,482 "," 109,308 "," 113,813 "," 112,487 "," 107,480 "," 98,459 ",389,267.2185,0.9963,0
188,WSM,Samoa,Apia,Oceania," 222,382 "," 214,929 "," 203,571 "," 194,672 "," 184,008 "," 168,186 "," 164,905 "," 142,771 ",2842,78.2484,1.0165,0
218,SMR,San Marino,San Marino,Europe," 33,660 "," 34,007 "," 33,570 "," 31,608 "," 26,823 "," 23,132 "," 21,346 "," 18,169 ",61,551.8033,0.9975,0
187,STP,Sao Tome and Principe,São Tomé,Africa," 227,380 "," 218,641 "," 201,124 "," 182,138 "," 143,714 "," 120,343 "," 97,210 "," 77,583 ",964,235.8714,1.0192,0
41,SAU,Saudi Arabia,Riyadh,Asia," 36,408,820 "," 35,997,107 "," 32,749,848 "," 29,411,929 "," 21,547,390 "," 16,004,763 "," 10,171,710 "," 6,106,191 ",2149690,16.9368,1.0128,0.46
72,SEN,Senegal,Dakar,Africa," 17,316,449 "," 16,436,119 "," 14,356,181 "," 12,530,121 "," 9,704,287 "," 7,536,001 "," 5,703,869 "," 4,367,744 ",196722,88.025,1.0261,0.22
105,SRB,Serbia,Belgrade,Europe," 7,221,365 "," 7,358,005 "," 7,519,496 "," 7,653,748 "," 7,935,022 "," 7,987,529 "," 7,777,010 "," 7,193,533 ",88361,81.7257,0.9897,0.09
196,SYC,Seychelles,Victoria,Africa," 107,118 "," 105,530 "," 99,240 "," 92,409 "," 80,060 "," 71,057 "," 65,290 "," 54,379 ",452,236.9867,1.0061,0
102,SLE,Sierra Leone,Freetown,Africa," 8,605,718 "," 8,233,969 "," 7,314,773 "," 6,436,698 "," 4,584,067 "," 4,325,388 "," 3,367,477 "," 2,778,557 ",71740,119.957,1.022,0.11
113,SGP,Singapore,Singapore,Asia," 5,975,689 "," 5,909,869 "," 5,650,018 "," 5,163,590 "," 4,053,602 "," 3,022,209 "," 2,400,729 "," 2,061,831 ",710,8416.4634,1.0058,0.07
214,SXM,Sint Maarten,Philipsburg,North America," 44,175 "," 43,621 "," 40,205 "," 33,034 "," 30,489 "," 27,845 "," 12,243 "," 6,260 ",34,1299.2647,1.003,0
116,SVK,Slovakia,Bratislava,Europe," 5,643,453 "," 5,456,681 "," 5,424,444 "," 5,396,424 "," 5,376,690 "," 5,261,305 "," 4,973,883 "," 4,522,867 ",49037,115.0856,1.0359,0.07
148,SVN,Slovenia,Ljubljana,Europe," 2,119,844 "," 2,117,641 "," 2,080,862 "," 2,057,286 "," 1,984,339 "," 1,986,024 "," 1,901,570 "," 1,741,286 ",20273,104.5649,1.0002,0.03
166,SLB,Solomon Islands,Honiara,Oceania," 724,273 "," 691,191 "," 612,660 "," 540,394 "," 429,978 "," 324,171 "," 233,668 "," 172,833 ",28896,25.0648,1.0232,0.01
70,SOM,Somalia,Mogadishu,Africa," 17,597,511 "," 16,537,016 "," 13,763,906 "," 12,026,649 "," 8,721,465 "," 6,999,096 "," 5,892,224 "," 3,720,977 ",637657,27.5971,1.0312,0.22
24,ZAF,South Africa,Pretoria,Africa," 59,893,885 "," 58,801,927 "," 55,876,504 "," 51,784,921 "," 46,813,266 "," 39,877,570 "," 29,463,549 "," 22,368,306 ",1221037,49.0517,1.0084,0.75
29,KOR,South Korea,Seoul,Asia," 51,815,810 "," 51,844,690 "," 50,994,401 "," 48,813,042 "," 46,788,591 "," 44,120,039 "," 38,170,501 "," 32,601,143 ",100210,517.0722,0.9997,0.65
86,SSD,South Sudan,Juba,Africa," 10,913,164 "," 10,606,227 "," 11,194,299 "," 9,714,419 "," 6,114,440 "," 4,750,817 "," 4,192,011 "," 3,342,410 ",619745,17.6091,1.0153,0.14
30,ESP,Spain,Madrid,Europe," 47,558,630 "," 47,363,807 "," 46,431,342 "," 46,572,772 "," 40,741,651 "," 38,889,889 "," 37,491,666 "," 33,792,617 ",505992,93.9909,1.0015,0.6
61,LKA,Sri Lanka,Colombo,Asia," 21,832,143 "," 21,715,079 "," 21,336,697 "," 20,668,557 "," 18,776,371 "," 17,204,094 "," 14,943,645 "," 12,388,769 ",65610,332.7563,1.0027,0.27
32,SDN,Sudan,Khartoum,Africa," 46,874,204 "," 44,440,486 "," 38,171,178 "," 33,739,933 "," 26,298,773 "," 21,090,886 "," 16,673,586 "," 11,305,206 ",1886068,24.8529,1.0267,0.59
170,SUR,Suriname,Paramaribo,South America," 618,040 "," 607,065 "," 575,475 "," 546,080 "," 478,998 "," 412,756 "," 375,112 "," 379,918 ",163820,3.7727,1.0082,0.01
87,SWE,Sweden,Stockholm,Europe," 10,549,347 "," 10,368,969 "," 9,849,349 "," 9,381,729 "," 8,871,043 "," 8,548,406 "," 8,311,763 "," 8,027,702 ",450295,23.4276,1.0079,0.13
101,CHE,Switzerland,Bern,Europe," 8,740,472 "," 8,638,613 "," 8,281,732 "," 7,822,435 "," 7,182,059 "," 6,711,693 "," 6,319,113 "," 6,181,227 ",41284,211.7157,1.0056,0.11
60,SYR,Syria,Damascus,Asia," 22,125,249 "," 20,772,595 "," 19,205,178 "," 22,337,563 "," 16,307,654 "," 12,408,996 "," 8,898,954 "," 6,319,199 ",185180,119.4797,1.0376,0.28
57,TWN,Taiwan,Taipei,Asia," 23,893,394 "," 23,821,464 "," 23,512,136 "," 23,083,083 "," 22,194,731 "," 20,586,174 "," 18,100,281 "," 14,957,870 ",36193,660.1662,1.0014,0.3
95,TJK,Tajikistan,Dushanbe,Asia," 9,952,787 "," 9,543,207 "," 8,524,063 "," 7,621,779 "," 6,272,998 "," 5,417,860 "," 4,045,965 "," 2,993,019 ",143100,69.5513,1.0208,0.12
22,TZA,Tanzania,Dodoma,Africa," 65,497,748 "," 61,704,518 "," 52,542,823 "," 45,110,527 "," 34,463,704 "," 26,206,012 "," 19,297,659 "," 13,618,192 ",945087,69.3034,1.03,0.82
20,THA,Thailand,Bangkok,Asia," 71,697,030 "," 71,475,664 "," 70,294,397 "," 68,270,489 "," 63,066,603 "," 55,228,410 "," 45,737,753 "," 35,791,728 ",513120,139.7276,1.0013,0.9
155,TLS,Timor-Leste,Dili,Asia," 1,341,296 "," 1,299,995 "," 1,205,813 "," 1,088,486 "," 878,360 "," 758,106 "," 642,224 "," 554,021 ",14874,90.1772,1.0154,0.02
100,TGO,Togo,Lomé,Africa," 8,848,699 "," 8,442,580 "," 7,473,229 "," 6,571,855 "," 5,008,035 "," 3,875,947 "," 2,838,110 "," 2,197,383 ",56785,155.8281,1.0236,0.11
233,TKL,Tokelau,Nukunonu,Oceania," 1,871 "," 1,827 "," 1,454 "," 1,367 "," 1,666 "," 1,669 "," 1,647 "," 1,714 ",12,155.9167,1.0119,0
197,TON,Tonga,Nuku‘alofa,Oceania," 106,858 "," 105,254 "," 106,122 "," 107,383 "," 102,603 "," 98,727 "," 96,708 "," 86,484 ",747,143.0495,1.0079,0
153,TTO,Trinidad and Tobago,Port-of-Spain,North America," 1,531,044 "," 1,518,147 "," 1,460,177 "," 1,410,296 "," 1,332,203 "," 1,266,518 "," 1,127,852 "," 988,890 ",5130,298.4491,1.0035,0.02
79,TUN,Tunisia,Tunis,Africa," 12,356,117 "," 12,161,723 "," 11,557,779 "," 10,895,063 "," 9,893,316 "," 8,440,023 "," 6,578,156 "," 5,047,404 ",163610,75.5218,1.0076,0.15
18,TUR,Turkey,Ankara,Asia," 85,341,241 "," 84,135,428 "," 79,646,178 "," 73,195,345 "," 64,113,547 "," 54,324,142 "," 44,089,069 "," 35,540,990 ",783562,108.9145,1.0067,1.07
111,TKM,Turkmenistan,Ashgabat,Asia," 6,430,770 "," 6,250,438 "," 5,766,431 "," 5,267,970 "," 4,569,132 "," 3,720,278 "," 2,862,903 "," 2,201,432 ",488100,13.1751,1.014,0.08
212,TCA,Turks and Caicos Islands,Cockburn Town,North America," 45,703 "," 44,276 "," 36,538 "," 29,726 "," 18,744 "," 11,709 "," 7,598 "," 5,665 ",948,48.2099,1.0131,0
227,TUV,Tuvalu,Funafuti,Oceania," 11,312 "," 11,069 "," 10,877 "," 10,550 "," 9,638 "," 9,182 "," 7,731 "," 5,814 ",26,435.0769,1.0096,0
31,UGA,Uganda,Kampala,Africa," 47,249,585 "," 44,404,611 "," 37,477,356 "," 32,341,728 "," 24,020,697 "," 17,586,630 "," 13,284,026 "," 10,317,212 ",241550,195.61,1.0304,0.59
38,UKR,Ukraine,Kiev,Europe," 39,701,739 "," 43,909,666 "," 44,982,564 "," 45,683,020 "," 48,879,755 "," 51,589,817 "," 49,973,920 "," 47,279,086 ",603500,65.7858,0.912,0.5
97,ARE,United Arab Emirates,Abu Dhabi,Asia," 9,441,129 "," 9,287,289 "," 8,916,899 "," 8,481,771 "," 3,275,333 "," 1,900,151 "," 1,014,048 "," 298,084 ",83600,112.9322,1.0081,0.12
21,GBR,United Kingdom,London,Europe," 67,508,936 "," 67,059,474 "," 65,224,364 "," 62,760,039 "," 58,850,043 "," 57,210,442 "," 56,326,328 "," 55,650,166 ",242900,277.9289,1.0034,0.85
3,USA,United States,"Washington, D.C.",North America," 338,289,857 "," 335,942,003 "," 324,607,776 "," 311,182,845 "," 282,398,554 "," 248,083,732 "," 223,140,018 "," 200,328,340 ",9372610,36.0935,1.0038,4.24
200,VIR,United States Virgin Islands,Charlotte Amalie,North America," 99,465 "," 100,442 "," 102,803 "," 106,142 "," 108,185 "," 100,685 "," 96,640 "," 63,446 ",347,286.6427,0.9937,0
133,URY,Uruguay,Montevideo,South America," 3,422,794 "," 3,429,086 "," 3,402,818 "," 3,352,651 "," 3,292,224 "," 3,117,012 "," 2,953,750 "," 2,790,265 ",181034,18.9069,0.999,0.04
43,UZB,Uzbekistan,Tashkent,Asia," 34,627,652 "," 33,526,656 "," 30,949,417 "," 28,614,227 "," 24,925,554 "," 20,579,100 "," 15,947,129 "," 12,011,361 ",447400,77.3975,1.016,0.43
181,VUT,Vanuatu,Port-Vila,Oceania," 326,740 "," 311,685 "," 276,438 "," 245,453 "," 192,074 "," 150,882 "," 118,156 "," 87,019 ",12189,26.8061,1.0238,0
234,VAT,Vatican City,Vatican City,Europe, 510 , 520 , 564 , 596 , 651 , 700 , 733 , 752 ,1,510,0.998,0
51,VEN,Venezuela,Caracas,South America," 28,301,696 "," 28,490,453 "," 30,529,716 "," 28,715,022 "," 24,427,729 "," 19,750,579 "," 15,210,443 "," 11,355,475 ",916445,30.882,1.0036,0.35
16,VNM,Vietnam,Hanoi,Asia," 98,186,856 "," 96,648,685 "," 92,191,398 "," 87,411,012 "," 79,001,142 "," 66,912,613 "," 52,968,270 "," 41,928,849 ",331212,296.4472,1.0074,1.23
226,WLF,Wallis and Futuna,Mata-Utu,Oceania," 11,572 "," 11,655 "," 12,182 "," 13,142 "," 14,723 "," 13,454 "," 11,315 "," 9,377 ",142,81.493,0.9953,0
172,ESH,Western Sahara,El Aaiún,Africa," 575,986 "," 556,048 "," 491,824 "," 413,296 "," 270,375 "," 178,529 "," 116,775 "," 76,371 ",266000,2.1654,1.0184,0.01
46,YEM,Yemen,Sanaa,Asia," 33,696,614 "," 32,284,046 "," 28,516,545 "," 24,743,946 "," 18,628,700 "," 13,375,121 "," 9,204,938 "," 6,843,607 ",527968,63.8232,1.0217,0.42
63,ZMB,Zambia,Lusaka,Africa," 20,017,675 "," 18,927,715 "," 16,248,230 "," 13,792,086 "," 9,891,136 "," 7,686,401 "," 5,720,438 "," 4,281,671 ",752612,26.5976,1.028,0.25
74,ZWE,Zimbabwe,Harare,Africa," 16,320,537 "," 15,669,666 "," 14,154,937 "," 12,839,771 "," 11,834,676 "," 10,113,893 "," 7,049,926 "," 5,202,918 ",390757,41.7665,1.0204,0.2